{"cameraMode":{"drawMode":0,"name":"Shaded","section":"Shading Mode"},"sceneLighting":false,"audioPlay":false,"sceneViewState":{"showFog":true,"showMaterialUpdate":false,"showSkybox":true,"showFlares":true,"showImageEffects":true,"showParticleSystems":true},"in2DMode":false,"pivot":{"x":7.971029281616211,"y":-2.389230728149414,"z":7.020768165588379},"rotation":{"x":-0.4921830892562866,"y":0.1542559564113617,"z":-0.08910362422466278,"w":-0.8520705103874207},"size":37.819583892822269,"orthographic":false}