{"cameraMode":{"drawMode":0,"name":"Shaded","section":"Shading Mode"},"sceneLighting":false,"audioPlay":false,"sceneViewState":{"showFog":true,"showMaterialUpdate":false,"showSkybox":true,"showFlares":true,"showImageEffects":true,"showParticleSystems":true},"in2DMode":false,"pivot":{"x":9.069597244262696,"y":5.308073043823242,"z":-2.518245220184326},"rotation":{"x":0.40598317980766299,"y":-0.5426568388938904,"z":0.33712491393089297,"w":0.6534940004348755},"size":6.973779678344727,"orthographic":false}